name,code
免疫治疗,gn_myzl
雄安新区,gn_xaxq
新零售,gn_xls
智能电网,gn_zndw
黄河三角,gn_hhsj
海峡西岸,gn_hxxa
成渝特区,gn_cytq
铁路基建,gn_tljj
物联网,gn_wlw
军工航天,gn_jght
黄金概念,gn_hjgn
创投概念,gn_ctgn
ST板块,gn_stbk
低碳经济,gn_dtjj
含H股,gn_hHg
含B股,gn_hBg
次新股,gn_cxg
含可转债,gn_hkzz
稀缺资源,gn_xqzy
融资融券,gn_rzrq
三网融合,gn_swrh
武汉规划,gn_whgh
多晶硅,gn_djg
锂电池,gn_ldc
稀土永磁,gn_xtyc
核电核能,gn_hdhn
触摸屏,gn_cmp
水利建设,gn_sljs
长株潭,gn_czt
皖江区域,gn_wjqy
太阳能,gn_tyn
卫星导航,gn_wxdh
云计算,gn_yjs
电子支付,gn_dzzf
新三板,gn_xsb
海工装备,gn_hgzb
保障房,gn_bzf
涉矿概念,gn_skgn
金融改革,gn_jrgg
页岩气,gn_yyq
生物疫苗,gn_swym
文化振兴,gn_whzx
宽带提速,gn_kdts
IPV6概念,gn_IPV6gn
食品安全,gn_spaq
奢侈品,gn_scp
图们江,gn_tmj
三沙概念,gn_ssgn
3D打印,gn_3Ddy
海水淡化,gn_hsdh
碳纤维,gn_txw
地热能,gn_drn
摘帽概念,gn_zmgn
苹果概念,gn_pggn
重组概念,gn_zzgn
安防服务,gn_affw
建筑节能,gn_jzjn
智能交通,gn_znjt
空气治理,gn_kqzl
充电桩,gn_cdz
4G概念,gn_4Ggn
石墨烯,gn_smx
风沙治理,gn_fszl
土地流转,gn_tdlz
聚氨酯,gn_jaz
生物质能,gn_swzn
东亚自贸,gn_dyzm
丝绸之路,gn_sczl
体育概念,gn_tygn
博彩概念,gn_bcgn
O2O模式,gn_O2Oms
特斯拉,gn_tsl
生态农业,gn_stny
水域改革,gn_sygg
风能,gn_fn
燃料电池,gn_rldc
草甘膦,gn_cgl
京津冀,gn_jjj
粤港澳,gn_yga
基因概念,gn_jygn
阿里概念,gn_algn
海上丝路,gn_hssl
抗癌,gn_ka
抗流感,gn_klg
维生素,gn_wss
农村金融,gn_ncjr
汽车电子,gn_qcdz
固废处理,gn_gfcl
装饰园林,gn_zsyl
赛马概念,gn_smgn
猪肉,gn_zr
节能,gn_jn
污水处理,gn_wscl
国产软件,gn_gcrj
基因测序,gn_jycx
电商概念,gn_dsgn
基因芯片,gn_jyxp
氢燃料,gn_sqrl
国企改革,gn_sgqgg
超导概念,gn_cdgn
智能家居,gn_znjj
蓝宝石,gn_lbs
智能机器,gn_znjq
机器人概念,gn_zjqrgn
天津自贸,gn_mtjzm
信息安全,gn_xxaq
油气改革,gn_yqgg
民营医院,gn_myyy
养老概念,gn_ylgn
民营银行,gn_myyx
婴童概念,gn_ytgn
广东自贸,gn_gzzm
上海自贸,gn_shzm
互联金融,gn_hljr
网络游戏,gn_wlyx
智能穿戴,gn_zncd
前海概念,gn_qhgn
绿色照明,gn_lszm
风能概念,gn_fngn
生物育种,gn_swyz
内贸规划,gn_nmgh
生物燃料,gn_swrl
准ST股,gn_zSTg
业绩预降,gn_yjyj
业绩预升,gn_yjys
送转潜力,gn_szql
高校背景,gn_gxbj
节能环保,gn_jnhb
陕甘宁,gn_sgn
自贸区,gn_zmq
日韩贸易,gn_rhmy
外资背景,gn_wzbj
整体上市,gn_ztss
本月解禁,gn_byjj
金融参股,gn_jrcg
社保重仓,gn_sbzc
保险重仓,gn_bxzc
信托重仓,gn_xtzc
券商重仓,gn_qszc
QFII重仓,gn_QFIIzc
精选指数,gn_jxzs
分拆上市,gn_fcss
超级细菌,gn_cjxj
上海本地,gn_shbd
深圳本地,gn_szbd
振兴沈阳,gn_zxsy
沿海发展,gn_yhfz
央企50,gn_yq50
超大盘,gn_cdp
参股金融,gn_cgjr
基金重仓,gn_jjzc
股期概念,gn_gqgn
股权激励,gn_gqjl
甲型流感,gn_jxlg
迪士尼,gn_dsn
出口退税,gn_ckts
新能源,gn_xny
未股改,gn_wgg
循环经济,gn_xhjj
资产注入,gn_zczr
